{
    "parent": "item/handheld",
    "textures": {
        "layer0": "item/paper"
    },
    "overrides": [
        {"predicate": {"custom_model_data":1}, "model": "item/custom/1"},
        {"predicate": {"custom_model_data":2}, "model": "item/custom/7"},
        {"predicate": {"custom_model_data":3}, "model": "item/custom/8"},
        {"predicate": {"custom_model_data":4}, "model": "item/custom/9"},
        {"predicate": {"custom_model_data":7}, "model": "item/custom/12"},
        {"predicate": {"custom_model_data":8}, "model": "item/custom/13"}
        ]
}
