{"providers": [{"type": "ttf","file": "minecraft:font.ttf","shift": [0, 0.5],"size": 10.0,"oversample": 6.0,"skip": ""},{"file":"florial:font/florials4.png","chars":["\ue238"],"height":52,"ascent":33,"type":"bitmap"},{"file":"florial:font/florialsmall.png","chars":["\ue239"],"height":62,"ascent":33,"type":"bitmap"},{"file":"florial:font/florialtab.png","chars":["\ue237"],"height":58,"ascent":31,"type":"bitmap"},{"file":"florial:font/season4.png","chars":["\ue236"],"height":58,"ascent":33,"type":"bitmap"},{"file":"florial:font/flowerferretsmall.png","chars":["\ue235"],"height":45,"ascent":33,"type":"bitmap"},{"file":"florial:font/lunarcoonsmall.png","chars":["\ue234"],"height":45,"ascent":33,"type":"bitmap"},{"file":"florial:font/bloodbatsmall.png","chars":["\ue233"],"height":45,"ascent":33,"type":"bitmap"},{"file":"florial:font/murkinsmall.png","chars":["\ue232"],"height":45,"ascent":33,"type":"bitmap"},{"file":"florial:font/toxicobrasmall.png","chars":["\ue231"],"height":45,"ascent":33,"type":"bitmap"},{"file":"florial:font/genes.png","chars":["\ue229"],"height":45,"ascent":33,"type":"bitmap"},{"file":"florial:font/flowerferretfull.png","chars":["\ue228"],"height":52,"ascent":33,"type":"bitmap"},{"file":"florial:font/lunarcoonfull.png","chars":["\ue330"],"height":52,"ascent":33,"type":"bitmap"},{"file":"florial:font/bloodbatfull.png","chars":["\ue220"],"height":52,"ascent":33,"type":"bitmap"},{"file":"florial:font/murkinfull.png","chars":["\ue221"],"height":52,"ascent":33,"type":"bitmap"},{"file":"florial:font/toxicobrafull.png","chars":["\ue222"],"height":52,"ascent":33,"type":"bitmap"},{"file":"florial:font/flowerdoefull.png","chars":["\ue110"],"height":52,"ascent":37,"type":"bitmap"},{"file":"florial:font/lavakitsmall.png","chars":["\ue112"],"height":52,"ascent":37,"type":"bitmap"},{"file":"florial:font/seawolfsmall.png","chars":["\ue113"],"height":52,"ascent":37,"type":"bitmap"},{"file":"florial:font/flowerdoesmall.png","chars":["\ue114"],"height":52,"ascent":37,"type":"bitmap"},{"file":"florial:font/toxikin.png","chars":["\ue115"],"height":52,"ascent":37,"type":"bitmap"},{"file":"florial:font/tulipicon.png","chars":["\ue116"],"height":52,"ascent":37,"type":"bitmap"},{"file":"florial:font/lunarflower.png","chars":["\ue117"],"height":52,"ascent":37,"type":"bitmap"},{"file":"florial:font/toxibat.png","chars":["\ue118"],"height":52,"ascent":37,"type":"bitmap"},{"file":"florial:font/lunarkin.png","chars":["\ue119"],"height":52,"ascent":37,"type":"bitmap"},{"file":"florial:font/toxilunar.png","chars":["\ue120"],"height":52,"ascent":37,"type":"bitmap"},{"file":"florial:font/rosa.png","chars":["\ue340"],"height":52,"ascent":35,"type":"bitmap"},{"file":"florial:font/flories.png","chars":["\ue341"],"height":45,"ascent":33,"type":"bitmap"},{"file":"florial:font/angelsmall.png","chars":["\ue342"],"height":45,"ascent":33,"type":"bitmap"},{"file":"florial:font/angelfull.png","chars":["\ue343"],"height":45,"ascent":33,"type":"bitmap"},{"file":"florial:font/flowerbat.png","chars":["\ue344"],"height":45,"ascent":33,"type":"bitmap"},{"file":"florial:font/lunarbat.png","chars":["\ue127"],"height":45,"ascent":33,"type":"bitmap"},{"file":"florial:font/batkin.png","chars":["\ue126"],"height":45,"ascent":33,"type":"bitmap"},{"file":"florial:font/flowerkin.png","chars":["\ue125"],"height":45,"ascent":33,"type":"bitmap"},{"file":"florial:font/humansmall.png","chars":["\ue345"],"height":45,"ascent":33,"type":"bitmap"},{"file":"florial:font/humanfull.png","chars":["\ue346"],"height":45,"ascent":33,"type":"bitmap"},{"file":"florial:font/lavakitfull.png","chars":["\ue349"],"height":45,"ascent":33,"type":"bitmap"},{"file":"florial:font/seawolffull.png","chars":["\ue350"],"height":45,"ascent":33,"type":"bitmap"},{"file":"florial:font/willowsmall.png","chars":["\ue351"],"height":45,"ascent":33,"type":"bitmap"},{"file":"florial:font/willowfull.png","chars":["\ue352"],"height":45,"ascent":33,"type":"bitmap"},{"file":"florial:font/toxiflower.png","chars":["\ue128"],"height":45,"ascent":33,"type":"bitmap"},{"file":"florial:font/thunderfull.png","chars":["\ue335"],"height":45,"ascent":33,"type":"bitmap"},{"file":"florial:font/thundersmall.png","chars":["\ue337"],"height":45,"ascent":33,"type":"bitmap"},{"file":"florial:font/livingfull.png","chars":["\ue338"],"height":45,"ascent":33,"type":"bitmap"},{"file":"florial:font/livingsmall.png","chars":["\ue353"],"height":45,"ascent":33,"type":"bitmap"},{"file":"florial:font/angelfull.png","chars":["\ue400"],"height":45,"ascent":33,"type":"bitmap"},{"file":"florial:font/bassfull.png","chars":["\ue401"],"height":45,"ascent":33,"type":"bitmap"},{"file":"florial:font/basssmall.png","chars":["\ue403"],"height":45,"ascent":33,"type":"bitmap"},{"file":"florial:font/urafull.png","chars":["\ue405"],"height":45,"ascent":33,"type":"bitmap"},{"file":"florial:font/urasmall.png","chars":["\ue406"],"height":45,"ascent":33,"type":"bitmap"},{"file":"florial:font/beefull.png","chars":["\ue411"],"height":45,"ascent":33,"type":"bitmap"},{"file":"florial:font/beesmall.png","chars":["\ue410"],"height":45,"ascent":33,"type":"bitmap"},{"file":"florial:font/merm.png","chars":["\ue412"],"height":45,"ascent":33,"type":"bitmap"},{"file":"florial:font/mermsmall.png","chars":["\ue415"],"height":45,"ascent":33,"type":"bitmap"},{"file":"florial:font/dryadfull.png","chars":["\ue450"],"height":45,"ascent":33,"type":"bitmap"},{"file":"florial:font/dryadsmall.png","chars":["\ue451"],"height":45,"ascent":33,"type":"bitmap"},{"file":"florial:font/snakesmall.png","chars":["\ue456"],"height":45,"ascent":33,"type":"bitmap"},{"file":"florial:font/snakefull.png","chars":["\ue457"],"height":45,"ascent":33,"type":"bitmap"},{"file":"florial:font/wolfsmall.png","chars":["\ue459"],"height":45,"ascent":33,"type":"bitmap"},{"file":"florial:font/wolffull.png","chars":["\ue461"],"height":45,"ascent":33,"type":"bitmap"},{"file":"florial:font/computerfull.png","chars":["\ue500"],"height":45,"ascent":33,"type":"bitmap"},{"file":"florial:font/computersmall.png","chars":["\ue501"],"height":45,"ascent":33,"type":"bitmap"},{"file":"florial:font/heart1.png","chars":["\ue510"],"height":45,"ascent":33,"type":"bitmap"},{"file":"florial:font/heart2.png","chars":["\ue515"],"height":45,"ascent":33,"type":"bitmap"},{"file":"florial:font/heart3.png","chars":["\ue516"],"height":45,"ascent":33,"type":"bitmap"},{"file":"florial:font/whitesmall.png","chars":["\ue600"],"height":45,"ascent":33,"type":"bitmap"},{"file":"florial:font/whitefull.png","chars":["\ue601"],"height":45,"ascent":33,"type":"bitmap"},{"file":"florial:font/sunsmall.png","chars":["\ue622"],"height":45,"ascent":33,"type":"bitmap"},{"file":"florial:font/sunfull.png","chars":["\ue623"],"height":45,"ascent":33,"type":"bitmap"}]}