{
	"id": "foliageplus",
	"version": 6,
	"capabilities": ["FileFilter", "DirFilter", "DirAdditive"],
	"conf": {
		"wip": ["Understood", "Understood"],
		"lowerGrass": {
			"grassBlock": true,
			"grassBlockSnow": true,
			"grassPath": true,
			"mycelium": true,
			"podzol": true,
			"warpedNylium": true,
			"crimsonNylium": true
		},
		"vegetation": {
			"crops": {
				"wheat": true,
				"crops": true,
				"netherWart": true,
				"sweetBerryBushes": true,
				"pumpkinStem": true,
				"melonStem": true
			},
			"vines": {
				"caveVines": true,
				"weepingVines": true,
				"twistingVines": true
			},
			"grass": true,
			"tallGrass": true,
			"deadBush": true,
			"hangingRoots": true,
			"fern": true,
			"largeFern": true,
			"lilyPad": true,
			"smallDripLeaf": true,
			"sugarCane": true,
			"warpedRoots": true,
			"crimsonRoots": true,
			"netherSprouts": true
		},
		"flower": {
			"allium": true,
			"azureBluet": true,
			"blueOrchid": true,
			"cornflower": true,
			"dandelion": true,
			"lilyOfTheValley": true,
			"poppy": true,
			"redTulip": true,
			"orangeTulip": true,
			"pinkTulip": true,
			"whiteTulip": true,
			"witherRose": true,
			"lilac": true,
			"peony": true,
			"sunflower": true,
			"roseBush": true
		},
		"mushroomAndFungus": {
			"brownMushroom": true,
			"redMushroom": true,
			"warpedFungus": true,
			"crimsonFungus": true
		},
		"pottedPlant": {
			"pottedOakSapling": true,
			"pottedSpruceSapling": true,
			"pottedBirchSapling": true,
			"pottedJungleSapling": true,
			"pottedAcaciaSapling": true,
			"pottedDarkOakSapling": true,
			"pottedAzalea": true,
			"pottedFloweringAzalea": true,
			"pottedCactus": true,
			"pottedFern": true,
			"pottedDeadBush": true,
			"pottedAzureBluet": true,
			"pottedBlueOrchid": true,
			"pottedDandelion": true,
			"pottedLilyOfTheValley": true,
			"pottedPoppy": true
		},
		"bushyLeaves": {
			"oakLeaves": true,
			"spruceLeaves": true,
			"birchLeaves": true,
			"jungleLeaves": true,
			"acaciaLeaves": true,
			"darkOakLeaves": true,
			"azaleaLeaves": true,
			"floweringAzaleaLeaves": true
		},
		"underwater": {
			"seagrass": true,
			"tallSeagrass": true,
			"kelp": {
				"kelp": true,
				"kelpPlant": true
			},
			"corals": {
				"brainCoral": true,
				"bubbleCoral": true,
				"fireCoral": true,
				"hornCoral": true,
				"tubeCoral": true
			},
			"coralFan": true,
			"coralWallFan": true
		},
		"sapling": {
			"bambooSapling": true,
			"oakSapling": true,
			"spruceSapling": true,
			"birchSapling": true,
			"jungleSapling": true,
			"acaciaSapling": true,
			"darkOakSapling": true
		},
		"azalea": {
			"azalea": true,
			"floweringAzalea": true
		},
		"other": {
			"amethyst": {
				"smallAmethystBud": true,
				"mediumAmethystBud": true,
				"largeAmethystBud": true,
				"amethystCluster": true
			},
			"bamboo": true,
			"cobweb": true,
			"cactus": true,
			"pointedDripstone": true,
			"sand": true
		}
	}
}