{"providers": [{"type": "ttf","file": "minecraft:font.ttf","shift": [0, 0.5],"size": 12.0,"oversample": 6.0,"skip": ""},{"file":"florial:font/generic_54.png","chars":["\ue238"],"height":139,"ascent":14,"type":"bitmap"},{"file":"florial:font/generic_55.png","chars":["\ue239"],"height":139,"ascent":14,"type":"bitmap"},{"file":"florial:font/generic_56.png","chars":["\ue240"],"height":139,"ascent":14,"type":"bitmap"},{"file":"florial:font/generic_57.png","chars":["\ue241"],"height":139,"ascent":14,"type":"bitmap"},{"file":"florial:font/generic_58.png","chars":["\ue245"],"height":139,"ascent":14,"type":"bitmap"},{"file":"florial:font/generic_60.png","chars":["\ue246"],"height":139,"ascent":14,"type":"bitmap"},{"file":"florial:font/generic_61.png","chars":["\ue248"],"height":139,"ascent":14,"type":"bitmap"},{"file":"florial:font/generic_62.png","chars":["\ue249"],"height":139,"ascent":14,"type":"bitmap"},{"file":"florial:font/generic_63.png","chars":["\ue250"],"height":139,"ascent":14,"type":"bitmap"},{"file":"florial:font/generic_64.png","chars":["\ue600"],"height":139,"ascent":14,"type":"bitmap"},{"file":"florial:font/generic_65.png","chars":["\ue601"],"height":139,"ascent":14,"type":"bitmap"},{"file":"florial:font/generic_65.png","chars":["\ue602"],"height":139,"ascent":14,"type":"bitmap"},{"file":"florial:font/generic_66.png","chars":["\ue603"],"height":139,"ascent":14,"type":"bitmap"},{"file":"florial:font/generic_67.png","chars":["\ue608"],"height":139,"ascent":14,"type":"bitmap"},{"file":"florial:font/generic_67.png","chars":["\ue608"],"height":139,"ascent":14,"type":"bitmap"},{"file":"florial:font/generic_68.png","chars":["\ue609"],"height":139,"ascent":14,"type":"bitmap"},{"file":"florial:font/generic_69.png","chars":["\ue610"],"height":139,"ascent":14,"type":"bitmap"},{"file":"florial:font/generic_70.png","chars":["\ue611"],"height":139,"ascent":14,"type":"bitmap"},{"file":"florial:font/icon_half.png","chars":["\ue237"],"height":21,"ascent":-5,"type":"bitmap"},{"file":"florial:font/pixel.png","chars":["七"],"height":-3,"ascent":-2000,"type":"bitmap"},{"file":"florial:font/icon.png","chars":["\ue236"],"height":21,"ascent":-5,"type":"bitmap"},{"file":"florial:font/box.png","chars":["\ue235"],"height":330,"ascent":120,"type":"bitmap"},{"file":"florial:font/florial.png","chars":["\ue550"],"height":330,"ascent":220,"type":"bitmap"},{"file":"florial:font/icon_off.png","chars":["\ue330"],"height":21,"ascent":-5,"type":"bitmap"}]}