{
	"credit": "Made with Blockbench",
	"textures": {
		"0": "block/lily_pad4",
		"1": "block/lily_pad_flower_pink",
		"particle": "block/lily_pad4"
	},
	"elements": [
		{
			"name": "lily_pad",
			"from": [1.5, 0, 5],
			"to": [2, 0.5, 9],
			"faces": {
				"north": {"uv": [2, 5, 1.5, 5.5], "texture": "#0", "tintindex": 0},
				"south": {"uv": [1.5, 8.5, 2, 9], "texture": "#0", "tintindex": 0},
				"west": {"uv": [1.5, 5, 2, 9], "rotation": 270, "texture": "#0", "tintindex": 0},
				"up": {"uv": [1.5, 5, 2, 9], "texture": "#0", "tintindex": 0},
				"down": {"uv": [1.5, 9, 2, 5], "texture": "#0", "tintindex": 0}
			}
		},
		{
			"name": "lily_pad",
			"from": [2, 0, 3.5],
			"to": [2.5, 0.5, 10],
			"faces": {
				"north": {"uv": [2.5, 3.5, 2, 4], "texture": "#0", "tintindex": 0},
				"south": {"uv": [2, 9.5, 2.5, 10], "texture": "#0", "tintindex": 0},
				"west": {"uv": [2, 3.5, 2.5, 10], "rotation": 270, "texture": "#0", "tintindex": 0},
				"up": {"uv": [2, 3.5, 2.5, 10], "texture": "#0", "tintindex": 0},
				"down": {"uv": [2, 10, 2.5, 3.5], "texture": "#0", "tintindex": 0}
			}
		},
		{
			"name": "lily_pad",
			"from": [2.5, 0, 3],
			"to": [3, 0.5, 10.5],
			"faces": {
				"north": {"uv": [3, 3, 2.5, 3.5], "texture": "#0", "tintindex": 0},
				"south": {"uv": [2.5, 10, 3, 10.5], "texture": "#0", "tintindex": 0},
				"west": {"uv": [2.5, 3, 3, 10.5], "rotation": 270, "texture": "#0", "tintindex": 0},
				"up": {"uv": [2.5, 3, 3, 10.5], "texture": "#0", "tintindex": 0},
				"down": {"uv": [2.5, 10.5, 3, 3], "texture": "#0", "tintindex": 0}
			}
		},
		{
			"name": "lily_pad",
			"from": [3, 0, 2.5],
			"to": [4, 0.5, 11],
			"faces": {
				"north": {"uv": [4, 2.5, 3, 3], "texture": "#0", "tintindex": 0},
				"east": {"uv": [3.5, 2.5, 4, 11], "rotation": 90, "texture": "#0", "tintindex": 0},
				"south": {"uv": [3, 10.5, 4, 11], "texture": "#0", "tintindex": 0},
				"west": {"uv": [3, 2.5, 3.5, 11], "rotation": 270, "texture": "#0", "tintindex": 0},
				"up": {"uv": [3, 2.5, 4, 11], "texture": "#0", "tintindex": 0},
				"down": {"uv": [3, 11, 4, 2.5], "texture": "#0", "tintindex": 0}
			}
		},
		{
			"name": "lily_pad",
			"from": [4, 0, 2],
			"to": [4.5, 0.5, 10.5],
			"faces": {
				"north": {"uv": [4.5, 2, 4, 2.5], "texture": "#0", "tintindex": 0},
				"east": {"uv": [4, 2, 4.5, 10.5], "rotation": 90, "texture": "#0", "tintindex": 0},
				"south": {"uv": [4, 10, 4.5, 10.5], "texture": "#0", "tintindex": 0},
				"west": {"uv": [4, 2, 4.5, 10.5], "rotation": 270, "texture": "#0", "tintindex": 0},
				"up": {"uv": [4, 2, 4.5, 10.5], "texture": "#0", "tintindex": 0},
				"down": {"uv": [4, 10.5, 4.5, 2], "texture": "#0", "tintindex": 0}
			}
		},
		{
			"name": "lily_pad",
			"from": [4.5, 0, 2],
			"to": [5, 0.5, 10],
			"faces": {
				"north": {"uv": [5, 2, 4.5, 2.5], "texture": "#0", "tintindex": 0},
				"east": {"uv": [4.5, 2, 5, 10], "rotation": 90, "texture": "#0", "tintindex": 0},
				"south": {"uv": [4.5, 9.5, 5, 10], "texture": "#0", "tintindex": 0},
				"up": {"uv": [4.5, 2, 5, 10], "texture": "#0", "tintindex": 0},
				"down": {"uv": [4.5, 10, 5, 2], "texture": "#0", "tintindex": 0}
			}
		},
		{
			"name": "lily_pad",
			"from": [5, 0, 2],
			"to": [5.5, 0.5, 9],
			"faces": {
				"north": {"uv": [5.5, 2, 5, 2.5], "texture": "#0", "tintindex": 0},
				"east": {"uv": [5, 2, 5.5, 9], "rotation": 90, "texture": "#0", "tintindex": 0},
				"south": {"uv": [5, 8.5, 5.5, 9], "texture": "#0", "tintindex": 0},
				"up": {"uv": [5, 2, 5.5, 9], "texture": "#0", "tintindex": 0},
				"down": {"uv": [5, 9, 5.5, 2], "texture": "#0", "tintindex": 0}
			}
		},
		{
			"name": "lily_pad",
			"from": [5.5, 0, 2],
			"to": [6, 0.5, 8.5],
			"faces": {
				"north": {"uv": [6, 2, 5.5, 2.5], "texture": "#0", "tintindex": 0},
				"south": {"uv": [5.5, 8, 6, 8.5], "texture": "#0", "tintindex": 0},
				"up": {"uv": [5.5, 2, 6, 8.5], "texture": "#0", "tintindex": 0},
				"down": {"uv": [5.5, 8.5, 6, 2], "texture": "#0", "tintindex": 0}
			}
		},
		{
			"name": "lily_pad",
			"from": [6, 0, 2],
			"to": [6.5, 0.5, 9],
			"faces": {
				"north": {"uv": [5.5, 2, 5, 2.5], "texture": "#0", "tintindex": 0},
				"south": {"uv": [5, 8.5, 5.5, 9], "texture": "#0", "tintindex": 0},
				"west": {"uv": [5, 2, 5.5, 9], "rotation": 270, "texture": "#0", "tintindex": 0},
				"up": {"uv": [5, 2, 5.5, 9], "texture": "#0", "tintindex": 0},
				"down": {"uv": [5, 9, 5.5, 2], "texture": "#0", "tintindex": 0}
			}
		},
		{
			"name": "lily_pad",
			"from": [6.5, 0, 2],
			"to": [7, 0.5, 10],
			"faces": {
				"north": {"uv": [7, 2, 6.5, 2.5], "texture": "#0", "tintindex": 0},
				"south": {"uv": [6.5, 9.5, 7, 10], "texture": "#0", "tintindex": 0},
				"west": {"uv": [6.5, 2, 7, 10], "rotation": 270, "texture": "#0", "tintindex": 0},
				"up": {"uv": [6.5, 2, 7, 10], "texture": "#0", "tintindex": 0},
				"down": {"uv": [6.5, 10, 7, 2], "texture": "#0", "tintindex": 0}
			}
		},
		{
			"name": "lily_pad",
			"from": [7, 0, 2],
			"to": [7.5, 0.5, 10.5],
			"faces": {
				"north": {"uv": [7.5, 2, 7, 2.5], "texture": "#0", "tintindex": 0},
				"east": {"uv": [7, 2, 7.5, 10.5], "rotation": 90, "texture": "#0", "tintindex": 0},
				"south": {"uv": [7, 10, 7.5, 10.5], "texture": "#0", "tintindex": 0},
				"west": {"uv": [7, 2, 7.5, 10.5], "rotation": 270, "texture": "#0", "tintindex": 0},
				"up": {"uv": [7, 2, 7.5, 10.5], "texture": "#0", "tintindex": 0},
				"down": {"uv": [7, 10.5, 7.5, 2], "texture": "#0", "tintindex": 0}
			}
		},
		{
			"name": "lily_pad",
			"from": [7.5, 0, 2.5],
			"to": [8.5, 0.5, 11],
			"faces": {
				"north": {"uv": [8.5, 2.5, 7.5, 3], "texture": "#0", "tintindex": 0},
				"east": {"uv": [8, 2.5, 8.5, 11], "rotation": 90, "texture": "#0", "tintindex": 0},
				"south": {"uv": [7.5, 10.5, 8.5, 11], "texture": "#0", "tintindex": 0},
				"west": {"uv": [7.5, 2.5, 8, 11], "rotation": 270, "texture": "#0", "tintindex": 0},
				"up": {"uv": [7.5, 2.5, 8.5, 11], "texture": "#0", "tintindex": 0},
				"down": {"uv": [7.5, 11, 8.5, 2.5], "texture": "#0", "tintindex": 0}
			}
		},
		{
			"name": "lily_pad",
			"from": [8.5, 0, 3],
			"to": [9, 0.5, 10.5],
			"faces": {
				"north": {"uv": [9, 3, 8.5, 3.5], "texture": "#0", "tintindex": 0},
				"east": {"uv": [8.5, 3, 9, 10.5], "rotation": 90, "texture": "#0", "tintindex": 0},
				"south": {"uv": [8.5, 10, 9, 10.5], "texture": "#0", "tintindex": 0},
				"up": {"uv": [8.5, 3, 9, 10.5], "texture": "#0", "tintindex": 0},
				"down": {"uv": [8.5, 10.5, 9, 3], "texture": "#0", "tintindex": 0}
			}
		},
		{
			"name": "lily_pad",
			"from": [9, 0, 3.5],
			"to": [9.5, 0.5, 10],
			"faces": {
				"north": {"uv": [9.5, 3.5, 9, 4], "texture": "#0", "tintindex": 0},
				"east": {"uv": [9, 3.5, 9.5, 10], "rotation": 90, "texture": "#0", "tintindex": 0},
				"south": {"uv": [9, 9.5, 9.5, 10], "texture": "#0", "tintindex": 0},
				"up": {"uv": [9, 3.5, 9.5, 10], "texture": "#0", "tintindex": 0},
				"down": {"uv": [9, 10, 9.5, 3.5], "texture": "#0", "tintindex": 0}
			}
		},
		{
			"name": "lily_pad",
			"from": [9.5, 0, 5],
			"to": [10, 0.5, 9],
			"faces": {
				"north": {"uv": [10, 5, 9.5, 5.5], "texture": "#0", "tintindex": 0},
				"east": {"uv": [9.5, 5, 10, 9], "rotation": 90, "texture": "#0", "tintindex": 0},
				"south": {"uv": [9.5, 8.5, 10, 9], "texture": "#0", "tintindex": 0},
				"up": {"uv": [9.5, 5, 10, 9], "texture": "#0", "tintindex": 0},
				"down": {"uv": [9.5, 9, 10, 5], "texture": "#0", "tintindex": 0}
			}
		},
		{
			"name": "lily_pad",
			"from": [11, 0, 3],
			"to": [11.5, 0.5, 4.5],
			"faces": {
				"north": {"uv": [11.5, 3, 11, 3.5], "texture": "#0", "tintindex": 0},
				"south": {"uv": [11, 4, 11.5, 4.5], "texture": "#0", "tintindex": 0},
				"west": {"uv": [11, 3, 11.5, 4.5], "rotation": 270, "texture": "#0", "tintindex": 0},
				"up": {"uv": [11, 3, 11.5, 4.5], "texture": "#0", "tintindex": 0},
				"down": {"uv": [11, 4.5, 11.5, 3], "texture": "#0", "tintindex": 0}
			}
		},
		{
			"name": "lily_pad",
			"from": [11.5, 0, 2.5],
			"to": [12, 0.5, 5],
			"faces": {
				"north": {"uv": [12, 2.5, 11.5, 3], "texture": "#0", "tintindex": 0},
				"east": {"uv": [11.5, 2.5, 12, 5], "rotation": 90, "texture": "#0", "tintindex": 0},
				"south": {"uv": [11.5, 4.5, 12, 5], "texture": "#0", "tintindex": 0},
				"west": {"uv": [11.5, 2.5, 12, 5], "rotation": 270, "texture": "#0", "tintindex": 0},
				"up": {"uv": [11.5, 2.5, 12, 5], "texture": "#0", "tintindex": 0},
				"down": {"uv": [11.5, 5, 12, 2.5], "texture": "#0", "tintindex": 0}
			}
		},
		{
			"name": "lily_pad",
			"from": [12, 0, 2],
			"to": [12.5, 0.5, 4.5],
			"faces": {
				"north": {"uv": [12.5, 2, 12, 2.5], "texture": "#0", "tintindex": 0},
				"east": {"uv": [12, 2, 12.5, 4.5], "rotation": 90, "texture": "#0", "tintindex": 0},
				"south": {"uv": [12, 4, 12.5, 4.5], "texture": "#0", "tintindex": 0},
				"west": {"uv": [12, 2, 12.5, 4.5], "rotation": 270, "texture": "#0", "tintindex": 0},
				"up": {"uv": [12, 2, 12.5, 4.5], "texture": "#0", "tintindex": 0},
				"down": {"uv": [12, 4.5, 12.5, 2], "texture": "#0", "tintindex": 0}
			}
		},
		{
			"name": "lily_pad",
			"from": [12.5, 0, 2],
			"to": [13, 0.5, 3.5],
			"faces": {
				"north": {"uv": [13, 2, 12.5, 2.5], "texture": "#0", "tintindex": 0},
				"south": {"uv": [12.5, 3, 13, 3.5], "texture": "#0", "tintindex": 0},
				"up": {"uv": [12.5, 2, 13, 3.5], "texture": "#0", "tintindex": 0},
				"down": {"uv": [12.5, 3.5, 13, 2], "texture": "#0", "tintindex": 0}
			}
		},
		{
			"name": "lily_pad",
			"from": [13, 0, 2],
			"to": [13.5, 0.5, 4.5],
			"faces": {
				"north": {"uv": [13.5, 2, 13, 2.5], "texture": "#0", "tintindex": 0},
				"east": {"uv": [13, 2, 13.5, 4.5], "rotation": 90, "texture": "#0", "tintindex": 0},
				"south": {"uv": [13, 4, 13.5, 4.5], "texture": "#0", "tintindex": 0},
				"west": {"uv": [13, 2, 13.5, 4.5], "rotation": 270, "texture": "#0", "tintindex": 0},
				"up": {"uv": [13, 2, 13.5, 4.5], "texture": "#0", "tintindex": 0},
				"down": {"uv": [13, 4.5, 13.5, 2], "texture": "#0", "tintindex": 0}
			}
		},
		{
			"name": "lily_pad",
			"from": [13.5, 0, 2.5],
			"to": [14, 0.5, 5],
			"faces": {
				"north": {"uv": [14, 2.5, 13.5, 3], "texture": "#0", "tintindex": 0},
				"east": {"uv": [13.5, 2.5, 14, 5], "rotation": 90, "texture": "#0", "tintindex": 0},
				"south": {"uv": [13.5, 4.5, 14, 5], "texture": "#0", "tintindex": 0},
				"west": {"uv": [13.5, 2.5, 14, 5], "rotation": 270, "texture": "#0", "tintindex": 0},
				"up": {"uv": [13.5, 2.5, 14, 5], "texture": "#0", "tintindex": 0},
				"down": {"uv": [13.5, 5, 14, 2.5], "texture": "#0", "tintindex": 0}
			}
		},
		{
			"name": "lily_pad",
			"from": [14, 0, 3],
			"to": [14.5, 0.5, 4.5],
			"faces": {
				"north": {"uv": [14.5, 3, 14, 3.5], "texture": "#0", "tintindex": 0},
				"east": {"uv": [14, 3, 14.5, 4.5], "rotation": 90, "texture": "#0", "tintindex": 0},
				"south": {"uv": [14, 4, 14.5, 4.5], "texture": "#0", "tintindex": 0},
				"up": {"uv": [14, 3, 14.5, 4.5], "texture": "#0", "tintindex": 0},
				"down": {"uv": [14, 4.5, 14.5, 3], "texture": "#0", "tintindex": 0}
			}
		},
		{
			"name": "lily_pad",
			"from": [10.5, 0, 14.5],
			"to": [14.5, 0.5, 15],
			"faces": {
				"east": {"uv": [4, 9, 4.5, 9.5], "rotation": 90, "texture": "#1", "tintindex": 0},
				"south": {"uv": [0.5, 9, 4.5, 9.5], "texture": "#1", "tintindex": 0},
				"west": {"uv": [0.5, 9, 1, 9.5], "rotation": 90, "texture": "#1", "tintindex": 0},
				"up": {"uv": [0.5, 9, 4.5, 9.5], "texture": "#1", "tintindex": 0},
				"down": {"uv": [0.5, 9, 4.5, 9.5], "texture": "#1", "tintindex": 0}
			}
		},
		{
			"name": "lily_pad",
			"from": [14.5, 0, 10.5],
			"to": [15, 0.5, 14.5],
			"faces": {
				"north": {"uv": [4.5, 5, 5, 5.5], "texture": "#1", "tintindex": 0},
				"east": {"uv": [4.5, 5, 5, 9], "rotation": 90, "texture": "#1", "tintindex": 0},
				"south": {"uv": [4.5, 8.5, 5, 9], "texture": "#1", "tintindex": 0},
				"up": {"uv": [4.5, 5, 5, 9], "texture": "#1", "tintindex": 0},
				"down": {"uv": [5, 5, 4.5, 9], "texture": "#1", "tintindex": 0}
			}
		},
		{
			"name": "lily_pad",
			"from": [10.5, 0, 10],
			"to": [14.5, 0.5, 10.5],
			"faces": {
				"north": {"uv": [0.5, 4.5, 4.5, 5], "texture": "#1", "tintindex": 0},
				"east": {"uv": [4, 4.5, 4.5, 5], "rotation": 90, "texture": "#1", "tintindex": 0},
				"west": {"uv": [0.5, 4.5, 1, 5], "rotation": 90, "texture": "#1", "tintindex": 0},
				"up": {"uv": [0.5, 4.5, 4.5, 5], "texture": "#1", "tintindex": 0},
				"down": {"uv": [0.5, 4.5, 4.5, 5], "texture": "#1", "tintindex": 0}
			}
		},
		{
			"name": "lily_pad",
			"from": [10, 0, 10.5],
			"to": [10.5, 0.5, 14.5],
			"faces": {
				"north": {"uv": [0, 5, 0.5, 5.5], "texture": "#1", "tintindex": 0},
				"south": {"uv": [0, 8.5, 0.5, 9], "texture": "#1", "tintindex": 0},
				"west": {"uv": [0, 5, 0.5, 9], "rotation": 90, "texture": "#1", "tintindex": 0},
				"up": {"uv": [0, 5, 0.5, 9], "texture": "#1", "tintindex": 0},
				"down": {"uv": [0, 5, 0.5, 9], "texture": "#1", "tintindex": 0}
			}
		},
		{
			"name": "flower lily_pad",
			"from": [10.5, 0, 10.5],
			"to": [14.5, 0.5, 14.5],
			"faces": {
				"up": {"uv": [0, 12, 4, 16], "texture": "#1"},
				"down": {"uv": [0.5, 9, 4.5, 5], "texture": "#1", "tintindex": 0}
			}
		},
		{
			"name": "flower",
			"from": [10.5, 0.5, 10.5],
			"to": [14.5, 2.5, 10.5],
			"rotation": {"angle": 0, "axis": "y", "origin": [5, 6, 11]},
			"faces": {
				"north": {"uv": [0, 10, 4, 12], "texture": "#1"},
				"south": {"uv": [4, 10, 0, 12], "texture": "#1"}
			}
		},
		{
			"name": "flower",
			"from": [10.5, 0.5, 14.5],
			"to": [14.5, 2.5, 14.5],
			"rotation": {"angle": 0, "axis": "y", "origin": [0, 6, 13]},
			"faces": {
				"north": {"uv": [4, 10, 0, 12], "texture": "#1"},
				"south": {"uv": [0, 10, 4, 12], "texture": "#1"}
			}
		},
		{
			"name": "flower",
			"from": [14.5, 0.5, 10.5],
			"to": [14.5, 2.5, 14.5],
			"rotation": {"angle": 0, "axis": "y", "origin": [5, 6, 11]},
			"faces": {
				"east": {"uv": [0, 10, 4, 12], "texture": "#1"},
				"west": {"uv": [4, 10, 0, 12], "texture": "#1"}
			}
		},
		{
			"name": "flower",
			"from": [10.5, 0.5, 10.5],
			"to": [10.5, 2.5, 14.5],
			"rotation": {"angle": 0, "axis": "y", "origin": [3, 6, 6]},
			"faces": {
				"east": {"uv": [4, 10, 0, 12], "texture": "#1"},
				"west": {"uv": [0, 10, 4, 12], "texture": "#1"}
			}
		},
		{
			"name": "flower",
			"from": [14, 0.5, 11],
			"to": [14, 3, 14],
			"rotation": {"angle": 0, "axis": "y", "origin": [5, 7, 11]},
			"faces": {
				"east": {"uv": [4.5, 9.5, 7.5, 12], "texture": "#1"},
				"west": {"uv": [7.5, 9.5, 4.5, 12], "texture": "#1"}
			}
		},
		{
			"name": "flower",
			"from": [11, 0.5, 11],
			"to": [11, 3, 14],
			"rotation": {"angle": 0, "axis": "y", "origin": [3, 6, 6]},
			"faces": {
				"east": {"uv": [7.5, 9.5, 4.5, 12], "texture": "#1"},
				"west": {"uv": [4.5, 9.5, 7.5, 12], "texture": "#1"}
			}
		},
		{
			"name": "flower",
			"from": [11, 0.5, 14],
			"to": [14, 3, 14],
			"rotation": {"angle": 0, "axis": "y", "origin": [0, 6, 13]},
			"faces": {
				"north": {"uv": [7.5, 9.5, 4.5, 12], "texture": "#1"},
				"south": {"uv": [4.5, 9.5, 7.5, 12], "texture": "#1"}
			}
		},
		{
			"name": "flower",
			"from": [11, 0.5, 11],
			"to": [14, 3, 11],
			"rotation": {"angle": 0, "axis": "y", "origin": [5, 7, 11]},
			"faces": {
				"north": {"uv": [4.5, 9.5, 7.5, 12], "texture": "#1"},
				"south": {"uv": [7.5, 9.5, 4.5, 12], "texture": "#1"}
			}
		},
		{
			"name": "flower",
			"from": [12, 0.5, 12],
			"to": [13, 1.5, 13],
			"faces": {
				"north": {"uv": [7, 13.5, 8, 14.5], "rotation": 90, "texture": "#1"},
				"east": {"uv": [5.5, 15, 6.5, 16], "texture": "#1"},
				"south": {"uv": [4, 13.5, 5, 14.5], "rotation": 90, "texture": "#1"},
				"west": {"uv": [5.5, 12, 6.5, 13], "texture": "#1"},
				"up": {"uv": [5.5, 13.5, 6.5, 14.5], "rotation": 270, "texture": "#1"}
			}
		}
	],
	"groups": [
		{
			"name": "lily_pad",
			"origin": [8, 8, 8],
			"color": 0,
			"children": [0, 1, 2, 3, 4, 5, 6, 7, 8, 9, 10, 11, 12, 13, 14, 15, 16, 17, 18, 19, 20, 21]
		},
		{
			"name": "lily flower",
			"origin": [0, 0, 0],
			"color": 0,
			"children": [
				22,
				23,
				24,
				25,
				26,
				{
					"name": "flower",
					"origin": [0, 0, 0],
					"color": 0,
					"children": [27, 28, 29, 30, 31, 32, 33, 34, 35]
				}
			]
		}
	]
}