{
    "parent": "item/handheld",
    "textures": {
        "layer0": "item/paper"
    },
    "overrides": [
        {"predicate": {"custom_model_data":1}, "model": "item/custom/1"},
        {"predicate": {"custom_model_data":2}, "model": "item/custom/7"},
        {"predicate": {"custom_model_data":3}, "model": "item/custom/8"},
        {"predicate": {"custom_model_data":4}, "model": "item/custom/9"},
        {"predicate": {"custom_model_data":5}, "model": "item/custom/10"},
        {"predicate": {"custom_model_data":6}, "model": "item/custom/11"},
        {"predicate": {"custom_model_data":7}, "model": "item/custom/12"},
        {"predicate": {"custom_model_data":8}, "model": "item/custom/14"},
        {"predicate": {"custom_model_data":9}, "model": "item/custom/13"},
        {"predicate": {"custom_model_data":10}, "model": "item/custom/15"},
        {"predicate": {"custom_model_data":11}, "model": "item/custom/16"},
        {"predicate": {"custom_model_data":12}, "model": "item/custom/17"},
        {"predicate": {"custom_model_data":15}, "model": "item/custom/18"},
        {"predicate": {"custom_model_data":16}, "model": "item/custom/19"}
        ]
}