{
	"credit": "Made with Blockbench",
	"textures": {
		"0": "block/lily_pad6"
	},
	"elements": [
		{
			"name": "lily_pad_2",
			"from": [11, 0, 2],
			"to": [11.5, 0.5, 4],
			"faces": {
				"north": {"uv": [11.5, 2, 11, 2.5], "texture": "#0", "tintindex": 0},
				"south": {"uv": [11, 3.5, 11.5, 4], "texture": "#0", "tintindex": 0},
				"west": {"uv": [11, 2, 11.5, 4], "rotation": 270, "texture": "#0", "tintindex": 0},
				"up": {"uv": [11, 2, 11.5, 4], "texture": "#0", "tintindex": 0},
				"down": {"uv": [11, 4, 11.5, 2], "texture": "#0", "tintindex": 0}
			}
		},
		{
			"name": "lily_pad_6",
			"from": [11.5, 0, 1.5],
			"to": [12, 0.5, 4.5],
			"faces": {
				"north": {"uv": [12, 1.5, 11.5, 2], "texture": "#0", "tintindex": 0},
				"east": {"uv": [11.5, 1.5, 12, 4.5], "rotation": 90, "texture": "#0", "tintindex": 0},
				"south": {"uv": [11.5, 4, 12, 4.5], "texture": "#0", "tintindex": 0},
				"west": {"uv": [11.5, 1.5, 12, 4.5], "rotation": 270, "texture": "#0", "tintindex": 0},
				"up": {"uv": [11.5, 1.5, 12, 4.5], "texture": "#0", "tintindex": 0},
				"down": {"uv": [11.5, 4.5, 12, 1.5], "texture": "#0", "tintindex": 0}
			}
		},
		{
			"name": "lily_pad_7",
			"from": [12, 0, 1],
			"to": [12.5, 0.5, 4],
			"faces": {
				"north": {"uv": [12.5, 1, 12, 1.5], "texture": "#0", "tintindex": 0},
				"east": {"uv": [12, 1, 12.5, 4], "rotation": 90, "texture": "#0", "tintindex": 0},
				"south": {"uv": [12, 3.5, 12.5, 4], "texture": "#0", "tintindex": 0},
				"west": {"uv": [12, 1, 12.5, 4], "rotation": 270, "texture": "#0", "tintindex": 0},
				"up": {"uv": [12, 1, 12.5, 4], "texture": "#0", "tintindex": 0},
				"down": {"uv": [12, 4, 12.5, 1], "texture": "#0", "tintindex": 0}
			}
		},
		{
			"name": "lily_pad_8",
			"from": [12.5, 0, 1],
			"to": [13, 0.5, 3],
			"faces": {
				"north": {"uv": [13, 1, 12.5, 1.5], "texture": "#0", "tintindex": 0},
				"south": {"uv": [12.5, 2.5, 13, 3], "texture": "#0", "tintindex": 0},
				"up": {"uv": [12.5, 1, 13, 3], "texture": "#0", "tintindex": 0},
				"down": {"uv": [12.5, 3, 13, 1], "texture": "#0", "tintindex": 0}
			}
		},
		{
			"name": "lily_pad_8",
			"from": [13, 0, 1],
			"to": [13.5, 0.5, 4],
			"faces": {
				"north": {"uv": [13.5, 1, 13, 1.5], "texture": "#0", "tintindex": 0},
				"east": {"uv": [13, 1, 13.5, 4], "rotation": 90, "texture": "#0", "tintindex": 0},
				"south": {"uv": [13, 3.5, 13.5, 4], "texture": "#0", "tintindex": 0},
				"west": {"uv": [13, 1, 13.5, 4], "rotation": 270, "texture": "#0", "tintindex": 0},
				"up": {"uv": [13, 1, 13.5, 4], "texture": "#0", "tintindex": 0},
				"down": {"uv": [13, 4, 13.5, 1], "texture": "#0", "tintindex": 0}
			}
		},
		{
			"name": "lily_pad_9",
			"from": [13.5, 0, 1.5],
			"to": [14, 0.5, 4.5],
			"faces": {
				"north": {"uv": [14, 1.5, 13.5, 2], "texture": "#0", "tintindex": 0},
				"east": {"uv": [13.5, 1.5, 14, 4.5], "rotation": 90, "texture": "#0", "tintindex": 0},
				"south": {"uv": [13.5, 4, 14, 4.5], "texture": "#0", "tintindex": 0},
				"west": {"uv": [13.5, 1.5, 14, 4.5], "rotation": 270, "texture": "#0", "tintindex": 0},
				"up": {"uv": [13.5, 1.5, 14, 4.5], "texture": "#0", "tintindex": 0},
				"down": {"uv": [13.5, 4.5, 14, 1.5], "texture": "#0", "tintindex": 0}
			}
		},
		{
			"name": "lily_pad_10",
			"from": [14, 0, 2],
			"to": [14.5, 0.5, 4],
			"faces": {
				"north": {"uv": [14.5, 2, 14, 2.5], "texture": "#0", "tintindex": 0},
				"east": {"uv": [14, 2, 14.5, 4], "rotation": 90, "texture": "#0", "tintindex": 0},
				"south": {"uv": [14, 3.5, 14.5, 4], "texture": "#0", "tintindex": 0},
				"up": {"uv": [14, 2, 14.5, 4], "texture": "#0", "tintindex": 0},
				"down": {"uv": [14, 4, 14.5, 2], "texture": "#0", "tintindex": 0}
			}
		},
		{
			"name": "lily_pad_11",
			"from": [14, 0, 9.5],
			"to": [14.5, 0.5, 12],
			"faces": {
				"north": {"uv": [14.5, 9.5, 14, 10], "texture": "#0", "tintindex": 0},
				"east": {"uv": [14, 9.5, 14.5, 12], "rotation": 90, "texture": "#0", "tintindex": 0},
				"south": {"uv": [14, 11.5, 14.5, 12], "texture": "#0", "tintindex": 0},
				"up": {"uv": [14, 9.5, 14.5, 12], "texture": "#0", "tintindex": 0},
				"down": {"uv": [14, 12, 14.5, 9.5], "texture": "#0", "tintindex": 0}
			}
		},
		{
			"name": "lily_pad_10",
			"from": [13.5, 0, 9],
			"to": [14, 0.5, 12.5],
			"faces": {
				"north": {"uv": [14, 9, 13.5, 9.5], "texture": "#0", "tintindex": 0},
				"east": {"uv": [13.5, 9, 14, 12.5], "rotation": 90, "texture": "#0", "tintindex": 0},
				"south": {"uv": [13.5, 12, 14, 12.5], "texture": "#0", "tintindex": 0},
				"up": {"uv": [13.5, 9, 14, 12.5], "texture": "#0", "tintindex": 0},
				"down": {"uv": [13.5, 12.5, 14, 9], "texture": "#0", "tintindex": 0}
			}
		},
		{
			"name": "lily_pad_9",
			"from": [13, 0, 8.5],
			"to": [13.5, 0.5, 13],
			"faces": {
				"north": {"uv": [13.5, 8.5, 13, 9], "texture": "#0", "tintindex": 0},
				"east": {"uv": [13, 8.5, 13.5, 13], "rotation": 90, "texture": "#0", "tintindex": 0},
				"south": {"uv": [13, 12.5, 13.5, 13], "texture": "#0", "tintindex": 0},
				"west": {"uv": [13, 8.5, 13.5, 13], "rotation": 270, "texture": "#0", "tintindex": 0},
				"up": {"uv": [13, 8.5, 13.5, 13], "texture": "#0", "tintindex": 0},
				"down": {"uv": [13, 13, 13.5, 8.5], "texture": "#0", "tintindex": 0}
			}
		},
		{
			"name": "lily_pad_8",
			"from": [12.5, 0, 9],
			"to": [13, 0.5, 13.5],
			"faces": {
				"north": {"uv": [13, 9, 12.5, 9.5], "texture": "#0", "tintindex": 0},
				"east": {"uv": [12.5, 9, 13, 13.5], "rotation": 90, "texture": "#0", "tintindex": 0},
				"south": {"uv": [12.5, 13, 13, 13.5], "texture": "#0", "tintindex": 0},
				"west": {"uv": [12.5, 9, 13, 13.5], "rotation": 270, "texture": "#0", "tintindex": 0},
				"up": {"uv": [12.5, 9, 13, 13.5], "texture": "#0", "tintindex": 0},
				"down": {"uv": [12.5, 13.5, 13, 9], "texture": "#0", "tintindex": 0}
			}
		},
		{
			"name": "lily_pad_8",
			"from": [11.5, 0, 9.5],
			"to": [12.5, 0.5, 13.5],
			"faces": {
				"north": {"uv": [12.5, 9.5, 11.5, 10], "texture": "#0", "tintindex": 0},
				"south": {"uv": [11.5, 13, 12.5, 13.5], "texture": "#0", "tintindex": 0},
				"up": {"uv": [11.5, 9.5, 12.5, 13.5], "texture": "#0", "tintindex": 0},
				"down": {"uv": [11.5, 13.5, 12.5, 9.5], "texture": "#0", "tintindex": 0}
			}
		},
		{
			"name": "lily_pad_7",
			"from": [11, 0, 9],
			"to": [11.5, 0.5, 13.5],
			"faces": {
				"north": {"uv": [11.5, 9, 11, 9.5], "texture": "#0", "tintindex": 0},
				"east": {"uv": [11, 9, 11.5, 13.5], "rotation": 90, "texture": "#0", "tintindex": 0},
				"south": {"uv": [11, 13, 11.5, 13.5], "texture": "#0", "tintindex": 0},
				"west": {"uv": [11, 9, 11.5, 13.5], "rotation": 270, "texture": "#0", "tintindex": 0},
				"up": {"uv": [11, 9, 11.5, 13.5], "texture": "#0", "tintindex": 0},
				"down": {"uv": [11, 13.5, 11.5, 9], "texture": "#0", "tintindex": 0}
			}
		},
		{
			"name": "lily_pad_6",
			"from": [10.5, 0, 8.5],
			"to": [11, 0.5, 13],
			"faces": {
				"north": {"uv": [11, 8.5, 10.5, 9], "texture": "#0", "tintindex": 0},
				"east": {"uv": [10.5, 8.5, 11, 13], "rotation": 90, "texture": "#0", "tintindex": 0},
				"south": {"uv": [10.5, 12.5, 11, 13], "texture": "#0", "tintindex": 0},
				"west": {"uv": [10.5, 8.5, 11, 13], "rotation": 270, "texture": "#0", "tintindex": 0},
				"up": {"uv": [10.5, 8.5, 11, 13], "texture": "#0", "tintindex": 0},
				"down": {"uv": [10.5, 13, 11, 8.5], "texture": "#0", "tintindex": 0}
			}
		},
		{
			"name": "lily_pad_3",
			"from": [10, 0, 9],
			"to": [10.5, 0.5, 12.5],
			"faces": {
				"north": {"uv": [10.5, 9, 10, 9.5], "texture": "#0", "tintindex": 0},
				"south": {"uv": [10, 12, 10.5, 12.5], "texture": "#0", "tintindex": 0},
				"west": {"uv": [10, 9, 10.5, 12.5], "rotation": 270, "texture": "#0", "tintindex": 0},
				"up": {"uv": [10, 9, 10.5, 12.5], "texture": "#0", "tintindex": 0},
				"down": {"uv": [10, 12.5, 10.5, 9], "texture": "#0", "tintindex": 0}
			}
		},
		{
			"name": "lily_pad_10",
			"from": [5.5, 0, 11],
			"to": [6, 0.5, 13.5],
			"faces": {
				"north": {"uv": [6, 11, 5.5, 11.5], "texture": "#0", "tintindex": 0},
				"east": {"uv": [5.5, 11, 6, 13.5], "rotation": 90, "texture": "#0", "tintindex": 0},
				"south": {"uv": [5.5, 13, 6, 13.5], "texture": "#0", "tintindex": 0},
				"up": {"uv": [5.5, 11, 6, 13.5], "texture": "#0", "tintindex": 0},
				"down": {"uv": [5.5, 13.5, 6, 11], "texture": "#0", "tintindex": 0}
			}
		},
		{
			"name": "lily_pad_9",
			"from": [5, 0, 10.5],
			"to": [5.5, 0.5, 14],
			"faces": {
				"north": {"uv": [5.5, 10.5, 5, 11], "texture": "#0", "tintindex": 0},
				"east": {"uv": [5, 10.5, 5.5, 14], "rotation": 90, "texture": "#0", "tintindex": 0},
				"south": {"uv": [5, 13.5, 5.5, 14], "texture": "#0", "tintindex": 0},
				"west": {"uv": [5, 10.5, 5.5, 14], "rotation": 270, "texture": "#0", "tintindex": 0},
				"up": {"uv": [5, 10.5, 5.5, 14], "texture": "#0", "tintindex": 0},
				"down": {"uv": [5, 14, 5.5, 10.5], "texture": "#0", "tintindex": 0}
			}
		},
		{
			"name": "lily_pad_8",
			"from": [4.5, 0, 11],
			"to": [5, 0.5, 14.5],
			"faces": {
				"north": {"uv": [4.5, 11, 5, 11.5], "texture": "#0", "tintindex": 0},
				"east": {"uv": [4.5, 11, 5, 14.5], "rotation": 90, "texture": "#0", "tintindex": 0},
				"south": {"uv": [4.5, 14, 5, 14.5], "texture": "#0", "tintindex": 0},
				"west": {"uv": [4.5, 11, 5, 14.5], "rotation": 270, "texture": "#0", "tintindex": 0},
				"up": {"uv": [4.5, 11, 5, 14.5], "texture": "#0", "tintindex": 0},
				"down": {"uv": [4.5, 14.5, 5, 11], "texture": "#0", "tintindex": 0}
			}
		},
		{
			"name": "lily_pad_8",
			"from": [4, 0, 12.5],
			"to": [4.5, 0.5, 14.5],
			"faces": {
				"north": {"uv": [4.5, 12.5, 4, 13], "texture": "#0", "tintindex": 0},
				"south": {"uv": [4, 14, 4.5, 14.5], "texture": "#0", "tintindex": 0},
				"up": {"uv": [4, 12.5, 4.5, 14.5], "texture": "#0", "tintindex": 0},
				"down": {"uv": [4, 14.5, 4.5, 12.5], "texture": "#0", "tintindex": 0}
			}
		},
		{
			"name": "lily_pad_7",
			"from": [3.5, 0, 11],
			"to": [4, 0.5, 14.5],
			"faces": {
				"north": {"uv": [4, 11, 3.5, 11.5], "texture": "#0", "tintindex": 0},
				"east": {"uv": [3.5, 11, 4, 14.5], "rotation": 90, "texture": "#0", "tintindex": 0},
				"south": {"uv": [3.5, 14, 4, 14.5], "texture": "#0", "tintindex": 0},
				"west": {"uv": [3.5, 11, 4, 14.5], "rotation": 270, "texture": "#0", "tintindex": 0},
				"up": {"uv": [3.5, 11, 4, 14.5], "texture": "#0", "tintindex": 0},
				"down": {"uv": [3.5, 14.5, 4, 11], "texture": "#0", "tintindex": 0}
			}
		},
		{
			"name": "lily_pad_6",
			"from": [3, 0, 10.5],
			"to": [3.5, 0.5, 14],
			"faces": {
				"north": {"uv": [3.5, 10.5, 3, 11], "texture": "#0", "tintindex": 0},
				"east": {"uv": [3, 10.5, 3.5, 14], "rotation": 90, "texture": "#0", "tintindex": 0},
				"south": {"uv": [3, 13.5, 3.5, 14], "texture": "#0", "tintindex": 0},
				"west": {"uv": [3, 10.5, 3.5, 14], "rotation": 270, "texture": "#0", "tintindex": 0},
				"up": {"uv": [3, 10.5, 3.5, 14], "texture": "#0", "tintindex": 0},
				"down": {"uv": [3, 14, 3.5, 10.5], "texture": "#0", "tintindex": 0}
			}
		},
		{
			"name": "lily_pad_2",
			"from": [2.5, 0, 11],
			"to": [3, 0.5, 13.5],
			"faces": {
				"north": {"uv": [3, 11, 2.5, 11.5], "texture": "#0", "tintindex": 0},
				"south": {"uv": [2.5, 13, 3, 13.5], "texture": "#0", "tintindex": 0},
				"west": {"uv": [2.5, 11, 3, 13.5], "rotation": 270, "texture": "#0", "tintindex": 0},
				"up": {"uv": [2.5, 11, 3, 13.5], "texture": "#0", "tintindex": 0},
				"down": {"uv": [2.5, 13.5, 3, 11], "texture": "#0", "tintindex": 0}
			}
		},
		{
			"name": "lily_pad_2",
			"from": [9.5, 0, 9.5],
			"to": [10, 0.5, 12],
			"faces": {
				"north": {"uv": [10, 9.5, 9.5, 10], "texture": "#0", "tintindex": 0},
				"south": {"uv": [9.5, 11.5, 10, 12], "texture": "#0", "tintindex": 0},
				"west": {"uv": [9.5, 9.5, 10, 12], "rotation": 270, "texture": "#0", "tintindex": 0},
				"up": {"uv": [9.5, 9.5, 10, 12], "texture": "#0", "tintindex": 0},
				"down": {"uv": [9.5, 12, 10, 9.5], "texture": "#0", "tintindex": 0}
			}
		},
		{
			"name": "lily_pad_12",
			"from": [8, 0, 2.5],
			"to": [8.5, 0.5, 8],
			"faces": {
				"north": {"uv": [8.5, 2.5, 8, 3], "texture": "#0", "tintindex": 0},
				"east": {"uv": [8, 2.5, 8.5, 8], "rotation": 90, "texture": "#0", "tintindex": 0},
				"south": {"uv": [8, 7.5, 8.5, 8], "texture": "#0", "tintindex": 0},
				"up": {"uv": [8, 2.5, 8.5, 8], "texture": "#0", "tintindex": 0},
				"down": {"uv": [8, 8, 8.5, 2.5], "texture": "#0", "tintindex": 0}
			}
		},
		{
			"name": "lily_pad_11",
			"from": [7.5, 0, 2],
			"to": [8, 0.5, 8.5],
			"faces": {
				"north": {"uv": [8, 2, 7.5, 2.5], "texture": "#0", "tintindex": 0},
				"east": {"uv": [7.5, 2, 8, 8.5], "rotation": 90, "texture": "#0", "tintindex": 0},
				"south": {"uv": [7.5, 8, 8, 8.5], "texture": "#0", "tintindex": 0},
				"up": {"uv": [7.5, 2, 8, 8.5], "texture": "#0", "tintindex": 0},
				"down": {"uv": [7.5, 8.5, 8, 2], "texture": "#0", "tintindex": 0}
			}
		},
		{
			"name": "lily_pad_10",
			"from": [6.5, 0, 1.5],
			"to": [7.5, 0.5, 9],
			"faces": {
				"north": {"uv": [7.5, 1.5, 6.5, 2], "texture": "#0", "tintindex": 0},
				"east": {"uv": [7, 1.5, 7.5, 9], "rotation": 90, "texture": "#0", "tintindex": 0},
				"south": {"uv": [6.5, 8.5, 7.5, 9], "texture": "#0", "tintindex": 0},
				"west": {"uv": [6.5, 1.5, 7, 9], "rotation": 270, "texture": "#0", "tintindex": 0},
				"up": {"uv": [6.5, 1.5, 7.5, 9], "texture": "#0", "tintindex": 0},
				"down": {"uv": [6.5, 9, 7.5, 1.5], "texture": "#0", "tintindex": 0}
			}
		},
		{
			"name": "lily_pad_9",
			"from": [6, 0, 1],
			"to": [6.5, 0.5, 8.5],
			"faces": {
				"north": {"uv": [6.5, 1, 6, 1.5], "texture": "#0", "tintindex": 0},
				"east": {"uv": [6, 1, 6.5, 8.5], "rotation": 90, "texture": "#0", "tintindex": 0},
				"south": {"uv": [6, 8, 6.5, 8.5], "texture": "#0", "tintindex": 0},
				"west": {"uv": [6, 1, 6.5, 8.5], "rotation": 270, "texture": "#0", "tintindex": 0},
				"up": {"uv": [6, 1, 6.5, 8.5], "texture": "#0", "tintindex": 0},
				"down": {"uv": [6, 8.5, 6.5, 1], "texture": "#0", "tintindex": 0}
			}
		},
		{
			"name": "lily_pad_8",
			"from": [5.5, 0, 1],
			"to": [6, 0.5, 8],
			"faces": {
				"north": {"uv": [6, 1, 5.5, 1.5], "texture": "#0", "tintindex": 0},
				"south": {"uv": [5.5, 7.5, 6, 8], "texture": "#0", "tintindex": 0},
				"west": {"uv": [5.5, 1, 6, 8], "rotation": 270, "texture": "#0", "tintindex": 0},
				"up": {"uv": [5.5, 1, 6, 8], "texture": "#0", "tintindex": 0},
				"down": {"uv": [5.5, 8, 6, 1], "texture": "#0", "tintindex": 0}
			}
		},
		{
			"name": "lily_pad_7",
			"from": [5, 0, 1],
			"to": [5.5, 0.5, 7],
			"faces": {
				"north": {"uv": [5, 1, 5.5, 1.5], "texture": "#0", "tintindex": 0},
				"south": {"uv": [5, 6.5, 5.5, 7], "texture": "#0", "tintindex": 0},
				"up": {"uv": [5, 1, 5.5, 7], "texture": "#0", "tintindex": 0},
				"down": {"uv": [5, 7, 5.5, 1], "texture": "#0", "tintindex": 0}
			}
		},
		{
			"name": "lily_pad_6",
			"from": [4.5, 0, 1],
			"to": [5, 0.5, 8],
			"faces": {
				"north": {"uv": [5, 1, 4.5, 1.5], "texture": "#0", "tintindex": 0},
				"east": {"uv": [4.5, 8, 5, 1], "rotation": 270, "texture": "#0", "tintindex": 0},
				"south": {"uv": [4.5, 7.5, 5, 8], "texture": "#0", "tintindex": 0},
				"up": {"uv": [4.5, 1, 5, 8], "texture": "#0", "tintindex": 0},
				"down": {"uv": [4.5, 8, 5, 1], "texture": "#0", "tintindex": 0}
			}
		},
		{
			"name": "lily_pad_5",
			"from": [4, 0, 1],
			"to": [4.5, 0.5, 8.5],
			"faces": {
				"north": {"uv": [4, 1, 4.5, 1.5], "texture": "#0", "tintindex": 0},
				"east": {"uv": [4, 8.5, 4.5, 1], "rotation": 270, "texture": "#0", "tintindex": 0},
				"south": {"uv": [4, 8, 4.5, 8.5], "texture": "#0", "tintindex": 0},
				"west": {"uv": [4, 1, 4.5, 8.5], "rotation": 270, "texture": "#0", "tintindex": 0},
				"up": {"uv": [4, 1, 4.5, 8.5], "texture": "#0", "tintindex": 0},
				"down": {"uv": [4, 8.5, 4.5, 1], "texture": "#0", "tintindex": 0}
			}
		},
		{
			"name": "lily_pad_4",
			"from": [3, 0, 1.5],
			"to": [4, 0.5, 9],
			"faces": {
				"north": {"uv": [4, 1.5, 3, 2], "texture": "#0", "tintindex": 0},
				"east": {"uv": [3.5, 9, 4, 1.5], "rotation": 270, "texture": "#0", "tintindex": 0},
				"south": {"uv": [3, 8.5, 4, 9], "texture": "#0", "tintindex": 0},
				"west": {"uv": [3, 1.5, 3.5, 9], "rotation": 270, "texture": "#0", "tintindex": 0},
				"up": {"uv": [3, 1.5, 4, 9], "texture": "#0", "tintindex": 0},
				"down": {"uv": [3, 9, 4, 1.5], "texture": "#0", "tintindex": 0}
			}
		},
		{
			"name": "lily_pad_3",
			"from": [2.5, 0, 2],
			"to": [3, 0.5, 8.5],
			"faces": {
				"north": {"uv": [3, 2, 2.5, 2.5], "texture": "#0", "tintindex": 0},
				"south": {"uv": [2.5, 8, 3, 8.5], "texture": "#0", "tintindex": 0},
				"west": {"uv": [2.5, 2, 3, 8.5], "rotation": 270, "texture": "#0", "tintindex": 0},
				"up": {"uv": [2.5, 2, 3, 8.5], "texture": "#0", "tintindex": 0},
				"down": {"uv": [2.5, 8.5, 3, 2], "texture": "#0", "tintindex": 0}
			}
		},
		{
			"name": "lily_pad_2",
			"from": [2, 0, 2.5],
			"to": [2.5, 0.5, 8],
			"faces": {
				"north": {"uv": [2.5, 2.5, 2, 3], "texture": "#0", "tintindex": 0},
				"south": {"uv": [2, 7.5, 2.5, 8], "texture": "#0", "tintindex": 0},
				"west": {"uv": [2, 2.5, 2.5, 8], "rotation": 270, "texture": "#0", "tintindex": 0},
				"up": {"uv": [2, 2.5, 2.5, 8], "texture": "#0", "tintindex": 0},
				"down": {"uv": [2, 8, 2.5, 2.5], "texture": "#0", "tintindex": 0}
			}
		},
		{
			"name": "lily_pad_1",
			"from": [1.5, 0, 4],
			"to": [2, 0.5, 7],
			"faces": {
				"north": {"uv": [2, 4, 1.5, 4.5], "texture": "#0", "tintindex": 0},
				"south": {"uv": [1.5, 6.5, 2, 7], "texture": "#0", "tintindex": 0},
				"west": {"uv": [1.5, 4, 2, 7], "rotation": 270, "texture": "#0", "tintindex": 0},
				"up": {"uv": [1.5, 4, 2, 7], "texture": "#0", "tintindex": 0},
				"down": {"uv": [1.5, 7, 2, 4], "texture": "#0", "tintindex": 0}
			}
		},
		{
			"name": "lily_pad_13",
			"from": [8.5, 0, 4],
			"to": [9, 0.5, 7],
			"faces": {
				"north": {"uv": [9, 4, 8.5, 4.5], "texture": "#0", "tintindex": 0},
				"east": {"uv": [8.5, 4, 9, 7], "rotation": 90, "texture": "#0", "tintindex": 0},
				"south": {"uv": [8.5, 6.5, 9, 7], "texture": "#0", "tintindex": 0},
				"up": {"uv": [8.5, 4, 9, 7], "texture": "#0", "tintindex": 0},
				"down": {"uv": [8.5, 7, 9, 4], "texture": "#0", "tintindex": 0}
			}
		}
	],
	"groups": [
		{
			"name": "lily_pad",
			"origin": [8, 8, 8],
			"color": 0,
			"children": [0, 1, 2, 3, 4, 5, 6, 7, 8, 9, 10, 11, 12, 13, 14, 15, 16, 17, 18, 19, 20, 21, 22, 23, 24, 25, 26, 27, 28, 29, 30, 31, 32, 33, 34, 35]
		}
	]
}